Price,Engine capacity,KM driven,Ownership,Imperfections,Repainted Parts,car_age,Transmission_Automatic,Transmission_Manual,Fuel type_CNG,Fuel type_Diesel,Fuel type_Petrol
561000,1197,25847,2,6,2,7,0,1,0,0,1
498000,1197,55511,2,12,1,8,0,1,0,0,1
577000,1197,47110,1,4,2,4,0,1,0,0,1
1084000,1462,35378,1,2,3,2,1,0,0,0,1
603000,1197,91856,1,3,2,5,0,1,0,0,1
233000,796,43780,1,10,2,10,0,1,0,0,1
593000,1197,49583,1,1,0,4,0,1,0,0,1
583000,1197,86837,2,4,6,6,1,0,0,0,1
513000,1197,58570,2,10,3,8,0,1,0,0,1
378000,998,50645,1,0,0,5,0,1,0,0,1
526000,1197,77053,1,4,4,8,0,1,0,0,1
565000,998,8023,1,1,1,1,1,0,0,0,1
384000,796,18317,1,1,0,2,0,1,0,0,1
610000,1197,73984,1,2,5,5,0,1,0,0,1
462000,1197,65612,1,7,2,10,0,1,0,0,1
511000,1197,81391,1,3,1,7,0,1,0,0,1
650000,998,3760,2,1,0,3,1,0,0,0,1
616000,1197,72891,2,3,7,7,1,0,0,0,1
588000,998,10006,1,0,0,1,0,1,0,0,1
244000,796,57290,1,0,0,10,0,1,0,0,1
533000,1197,35090,1,4,2,6,0,1,0,0,1
436000,998,45232,1,0,0,3,0,1,0,0,1
408000,998,37192,2,5,3,6,0,1,0,0,1
565000,998,15262,1,1,0,1,1,0,0,0,1
360000,796,32285,1,6,3,4,0,1,0,0,1
617000,1197,60017,1,3,3,6,0,1,0,0,1
333000,998,76934,2,14,4,10,0,1,0,0,1
897000,1462,16453,1,0,0,2,0,1,0,0,1
449000,998,72304,1,0,0,7,1,0,0,0,1
447000,998,76079,1,16,1,7,0,1,0,0,1
446000,796,29652,1,2,2,1,0,1,0,0,1
450000,998,99910,2,2,4,5,0,1,0,0,1
642000,1197,62129,1,3,2,6,1,0,0,0,1
494000,998,14268,1,7,2,6,1,0,0,0,1
610000,1248,72273,2,0,0,6,0,1,0,1,0
497000,1197,52488,1,1,3,7,0,1,0,0,1
718000,1197,86198,1,20,7,5,1,0,0,0,1
441000,1197,107226,3,0,0,8,0,1,0,0,1
253000,998,61391,2,3,8,12,0,1,0,0,1
536000,1197,106179,2,20,4,6,1,0,0,0,1
751000,1248,111621,2,14,5,7,0,1,0,1,0
530000,1197,74858,1,0,0,6,0,1,0,0,1
703000,1197,60706,1,3,0,3,0,1,0,0,1
488000,1197,69042,2,22,8,7,0,1,0,0,1
191000,998,34213,1,11,3,13,0,1,0,0,1
582000,1248,89450,2,5,4,9,0,1,0,1,0
643000,1248,77742,1,0,0,7,1,0,0,1,0
690000,1197,45407,1,11,8,3,0,1,0,0,1
527000,1248,98752,1,6,1,10,0,1,0,1,0
521000,1248,90513,1,0,0,9,0,1,0,1,0
209000,796,110664,2,14,13,9,0,1,0,0,1
599000,1197,68760,1,11,4,6,1,0,0,0,1
1146000,1462,22737,1,0,0,1,0,1,0,0,1
705000,1248,41774,1,0,0,4,1,0,0,0,1
1058000,1462,66111,1,0,0,2,0,1,0,0,1
1146000,1462,12590,1,0,0,1,0,1,0,0,1
783000,1197,39505,1,1,1,3,0,1,0,0,1
438000,1248,102255,1,14,1,11,0,1,0,1,0
637000,1197,61979,1,1,7,4,0,1,0,0,1
392000,998,92836,1,6,5,7,0,1,0,0,1
631000,1197,76836,1,7,12,6,1,0,0,0,1
829000,1197,10289,1,1,0,1,1,0,0,0,1
515000,1197,34781,1,11,14,8,0,1,0,0,1
527000,1197,63852,1,4,1,7,0,1,0,0,1
679000,1197,62062,1,1,0,3,0,1,0,0,1
429000,1197,54507,1,0,0,10,0,1,0,0,1
182000,998,50057,1,26,7,13,0,1,0,0,1
640000,1248,95453,1,2,3,7,1,0,0,1,0
1193000,1462,41145,1,2,1,2,1,0,0,0,1
747000,1248,45146,1,2,4,7,0,1,0,1,0
623000,1197,38023,1,10,1,8,0,1,0,0,1
420000,1197,52178,2,0,0,11,0,1,0,0,1
427000,998,18842,2,9,0,3,0,1,0,0,1
1146000,1462,18693,1,1,1,1,0,1,0,0,1
386000,998,92102,1,4,1,6,0,1,0,0,1
637000,998,48731,1,3,0,2,0,1,1,0,0
219000,796,56113,2,15,9,11,0,1,0,0,1
790000,1197,32142,1,8,4,4,1,0,0,0,1
1091000,1462,23690,1,0,0,2,0,1,0,0,1
385000,998,32899,2,25,8,8,1,0,0,0,1
670000,1197,43363,1,12,4,6,1,0,0,0,1
336000,998,47066,2,7,3,5,0,1,0,0,1
717000,1462,55281,1,3,4,5,1,0,0,0,1
858000,1197,31283,1,10,4,2,0,1,0,0,1
470000,1197,48194,1,10,5,10,0,1,0,0,1
517000,1248,61992,1,8,0,8,0,1,0,1,0
755000,1462,50172,1,7,4,4,0,1,0,0,1
512000,1197,77633,1,8,1,4,0,1,0,0,1
682000,1197,31968,1,2,1,5,0,1,0,0,1
317000,998,85292,1,5,9,8,1,0,0,0,1
326000,796,31475,1,10,1,5,0,1,0,0,1
264000,796,92881,1,0,0,7,0,1,0,0,1
780000,1197,33086,1,0,0,2,0,1,0,0,1
230000,796,92533,2,0,0,10,0,1,0,0,1
745000,1197,49950,1,3,4,3,1,0,0,0,1
419000,1197,85064,1,13,1,7,0,1,0,0,1
386000,998,69973,2,6,2,8,1,0,0,0,1
429000,1197,77579,2,4,4,7,0,1,0,0,1
629000,1197,73813,2,16,10,5,0,1,0,0,1
425000,998,69185,1,0,0,6,1,0,0,0,1
451000,1197,62067,1,35,8,10,0,1,0,0,1
331000,1197,71115,3,0,0,12,0,1,0,0,1
728000,1197,15435,1,2,1,4,1,0,0,0,1
692000,1248,101069,2,10,9,7,0,1,0,1,0
475000,998,28358,1,7,2,4,0,1,0,0,1
714000,1197,11957,2,7,0,5,1,0,0,0,1
219000,796,48658,2,2,4,11,0,1,0,0,1
280000,998,90358,3,5,3,9,0,1,0,0,1
190000,998,72134,1,21,6,13,0,1,0,0,1
358000,796,13485,1,6,1,4,0,1,0,0,1
320000,998,43791,3,2,3,9,0,1,0,0,1
400000,998,75112,1,6,4,9,1,0,0,0,1
657000,1373,98119,1,16,7,6,0,1,0,0,1
706000,1197,52707,2,4,5,2,1,0,0,0,1
462000,1197,55835,1,16,6,10,0,1,0,0,1
530000,998,47616,2,18,5,4,1,0,0,0,1
435000,1197,70873,1,10,0,7,0,1,0,0,1
509000,1197,66966,1,5,4,4,0,1,0,0,1
336000,998,63813,2,12,9,8,0,1,0,0,1
231000,998,70050,2,11,6,11,0,1,0,0,1
514000,998,52328,1,2,0,5,1,0,0,0,1
415000,998,99649,1,2,5,6,0,1,0,0,1
375000,998,29956,1,15,1,9,0,1,0,0,1
422000,998,64157,1,10,4,6,1,0,0,0,1
504000,1197,52608,2,0,0,5,0,1,0,0,1
698000,1197,24499,1,10,2,5,0,1,0,0,1
460000,998,69332,1,15,2,5,0,1,0,0,1
513000,1197,97531,1,13,10,8,0,1,0,0,1
665000,1197,58448,1,4,8,5,0,1,0,0,1
345000,998,67823,2,3,3,7,1,0,0,0,1
349000,998,34292,2,16,5,9,0,1,0,0,1
649000,1197,88651,1,3,4,5,0,1,0,0,1
445000,998,68971,2,17,3,6,1,0,0,0,1
608000,1197,35595,1,6,3,1,0,1,0,0,1
538000,1197,39347,1,5,4,7,1,0,0,0,1
568000,1373,105815,2,15,4,7,0,1,0,0,1
484000,1197,63716,1,5,0,7,0,1,0,0,1
369000,998,39091,1,22,3,5,0,1,0,0,1
373000,998,77225,1,19,2,8,0,1,0,0,1
996000,1462,23327,1,2,0,2,0,1,0,0,1
492000,998,44382,2,3,1,2,0,1,0,0,1
408000,998,66341,1,1,3,7,0,1,0,0,1
757000,1373,88132,1,5,5,6,1,0,0,0,1
465000,998,95456,1,14,0,5,1,0,0,0,1
439000,998,26875,2,4,8,3,0,1,0,0,1
549000,1197,50380,2,3,0,4,1,0,0,0,1
634000,998,17447,1,1,0,1,1,0,0,0,1
358000,796,30292,1,24,4,4,0,1,0,0,1
449000,998,53241,1,2,2,7,1,0,0,0,1
600000,998,24059,1,1,2,3,1,0,0,0,1
486000,998,80265,1,2,1,4,0,1,1,0,0
414000,998,51182,2,8,4,7,0,1,0,0,1
604000,1197,22594,1,3,2,2,0,1,0,0,1
392000,796,24463,1,15,7,3,0,1,0,0,1
380000,796,26792,1,4,0,3,0,1,0,0,1
372000,998,82834,1,12,8,8,1,0,0,0,1
436000,998,46355,1,10,1,3,0,1,0,0,1
288000,998,51088,2,0,0,11,0,1,0,0,1
826000,1197,49533,1,6,4,2,0,1,0,0,1
677000,1197,36262,1,12,5,5,0,1,0,0,1
331000,998,69455,1,20,3,10,0,1,0,0,1
515000,1197,48833,1,9,3,4,0,1,0,0,1
568000,1197,26074,1,1,0,4,1,0,0,0,1
483000,998,87744,1,6,0,5,1,0,0,0,1
376000,998,98335,1,0,0,10,1,0,0,0,1
410000,998,76210,1,3,1,6,0,1,0,0,1
414000,998,77481,2,12,4,7,1,0,0,0,1
307000,998,83098,2,23,2,10,0,1,0,0,1
413000,998,81204,1,14,5,7,0,1,0,0,1
329000,998,97385,2,8,3,9,0,1,0,0,1
517000,1197,33509,1,12,1,6,1,0,0,0,1
511000,1197,49347,1,1,1,5,0,1,0,0,1
620000,1197,9301,1,0,0,2,1,0,0,0,1
600000,1197,37541,1,8,8,3,1,0,0,0,1
540000,1197,52823,1,13,6,4,0,1,0,0,1
490000,998,35049,1,0,0,2,0,1,0,0,1
743000,1462,61765,2,7,1,4,0,1,0,0,1
458000,1197,72496,2,9,6,5,0,1,0,0,1
308000,998,98723,2,12,5,10,0,1,0,0,1
527000,998,40215,1,3,0,3,0,1,0,0,1
402000,796,26385,1,2,2,2,0,1,0,0,1
418000,998,99726,1,13,5,6,1,0,0,0,1
961000,1462,57002,1,6,3,3,1,0,0,0,1
278000,796,63989,2,14,5,7,0,1,0,0,1
547000,1197,93648,3,8,0,8,0,1,0,0,1
338000,998,76186,1,9,8,10,0,1,0,0,1
312000,998,76750,1,9,8,12,0,1,0,0,1
763000,1462,50723,2,6,3,6,1,0,0,0,1
537000,1197,78023,1,5,2,6,0,1,0,0,1
530000,1197,52856,2,7,1,6,0,1,0,0,1
497000,1197,48242,2,8,3,8,0,1,0,0,1
726000,1197,46568,1,4,3,3,0,1,0,0,1
612000,1197,90696,1,18,1,5,1,0,0,0,1
177000,998,81585,2,2,13,13,0,1,0,0,1
619000,1197,49070,1,5,2,6,1,0,0,0,1
707000,1197,35844,1,5,1,2,0,1,0,0,1
653000,1197,41666,1,6,3,5,1,0,0,0,1
366000,1248,82552,1,10,3,11,0,1,0,1,0
240000,796,96161,2,0,0,7,0,1,0,0,1
989000,1462,68282,1,0,0,3,1,0,0,0,1
1102000,1462,24794,1,3,1,2,1,0,0,0,1
409000,1197,98274,2,0,0,7,0,1,0,0,1
295000,796,47179,1,7,2,7,0,1,0,0,1
373000,796,24381,2,6,3,3,0,1,0,0,1
739000,1197,47699,1,10,5,4,1,0,0,0,1
358000,796,45381,1,7,3,3,0,1,0,0,1
281000,796,66467,2,17,6,7,0,1,0,0,1
514000,1197,77148,1,5,3,6,0,1,0,0,1
575000,1197,29057,1,7,5,3,0,1,0,0,1
403000,998,22864,1,2,0,2,0,1,0,0,1
751000,1248,76173,1,6,0,8,0,1,0,1,0
361000,998,90417,1,8,4,7,0,1,0,0,1
900000,1197,28570,1,0,0,1,0,1,0,0,1
608000,1197,61462,1,2,0,7,0,1,0,0,1
647000,1197,55295,2,2,1,5,0,1,0,0,1
219000,796,49551,2,3,6,11,0,1,0,0,1
620000,1197,43680,1,7,2,6,0,1,0,0,1
999000,1462,54421,1,1,0,3,0,1,0,0,1
356000,1248,62234,2,4,12,12,0,1,0,1,0
980000,1462,53293,1,1,0,3,0,1,0,0,1
664000,1197,19029,1,1,2,5,1,0,0,0,1
643000,1197,23180,1,4,2,3,0,1,0,0,1
318000,998,58071,3,6,0,10,1,0,0,0,1
306000,796,62586,2,3,2,4,0,1,0,0,1
441000,1197,61446,2,21,9,9,0,1,0,0,1
194000,998,62715,2,10,8,11,0,1,0,0,1
690000,1197,55997,1,5,3,4,0,1,0,0,1
283000,1197,42582,1,11,27,12,0,1,0,0,1
365000,998,22765,1,6,6,10,0,1,0,0,1
738000,1197,31437,1,8,5,3,0,1,0,0,1
696000,1462,29010,1,6,3,6,0,1,0,0,1
424000,796,10612,1,1,1,2,0,1,0,0,1
747000,1197,32201,1,4,2,5,1,0,0,0,1
277000,796,49061,1,10,5,7,0,1,0,0,1
450000,998,10266,1,0,0,3,0,1,0,0,1
568000,1197,47626,2,3,3,7,0,1,0,0,1
472000,998,16628,1,0,0,1,0,1,0,0,1
273000,998,64400,2,0,0,11,0,1,1,0,0
493000,1197,74579,1,8,3,7,0,1,0,0,1
348000,998,28118,1,2,2,10,0,1,1,0,0
353000,998,52646,1,13,2,9,0,1,1,0,0
391000,998,42692,1,14,3,8,1,0,0,0,1
491000,1197,94021,2,3,0,7,0,1,0,0,1
1228000,1462,32447,1,1,0,1,0,1,1,0,0
479000,998,86195,1,3,2,5,0,1,1,0,0
1198000,1462,21398,1,2,2,1,0,1,0,0,1
487000,1248,40081,1,8,14,11,0,1,0,1,0
520000,998,57184,1,3,2,4,0,1,1,0,0
747000,1248,72213,1,13,3,8,0,1,0,1,0
792000,1197,16690,1,4,2,3,1,0,0,0,1
581000,1197,33974,1,8,4,6,1,0,0,0,1
1141000,1462,18859,1,6,0,2,0,1,0,0,1
612000,1197,26550,1,2,8,3,1,0,0,0,1
598000,1197,56042,2,13,4,4,1,0,0,0,1
674000,998,28720,1,4,0,2,1,0,0,0,1
528000,1197,113814,2,7,5,7,1,0,0,0,1
312000,998,81895,1,6,5,10,0,1,1,0,0
527000,1248,107690,2,6,3,7,0,1,0,1,0
404000,998,33857,2,9,0,7,1,0,0,0,1
505000,1197,43273,1,16,3,8,0,1,0,0,1
747000,1462,57301,1,6,4,6,1,0,0,0,1
459000,1373,99639,1,14,0,8,0,1,0,0,1
699000,1197,15600,1,4,4,6,1,0,0,0,1
631000,1197,43313,1,2,5,6,1,0,0,0,1
337000,1197,42338,1,22,8,11,0,1,0,0,1
237000,796,68920,2,11,6,9,0,1,1,0,0
444000,1197,89378,2,8,8,7,0,1,0,0,1
433000,1197,35970,1,23,4,8,0,1,0,0,1
367000,998,33655,1,23,0,8,0,1,0,0,1
566000,1248,96990,1,5,2,8,0,1,0,1,0
601000,1373,52143,3,18,5,9,0,1,1,0,0
301000,998,95214,1,21,0,9,1,0,0,0,1
522000,1197,34019,1,15,2,8,1,0,0,0,1
625000,1248,53293,1,25,3,7,0,1,0,1,0
526000,1248,56687,1,9,6,9,0,1,0,1,0
1159000,1462,5377,1,1,1,2,0,1,0,0,1
334000,796,26866,1,8,9,3,0,1,0,0,1
586000,1373,62157,2,16,6,10,0,1,1,0,0
589000,998,1958,1,4,0,1,0,1,0,0,1
600000,1197,16547,2,3,9,5,1,0,0,0,1
376000,998,57012,2,13,2,7,0,1,1,0,0
385000,998,76727,1,17,3,8,1,0,0,0,1
773000,1462,30926,1,3,2,3,0,1,0,0,1
580000,1197,44613,2,5,8,6,1,0,0,0,1
327000,998,73092,2,29,1,9,1,0,0,0,1
371000,1197,53120,1,5,3,10,0,1,0,0,1
380000,998,22280,1,6,1,7,0,1,0,0,1
288000,998,99498,2,19,2,10,0,1,1,0,0
376000,998,56359,2,9,4,7,0,1,1,0,0
518000,998,35436,1,3,3,5,0,1,1,0,0
295000,998,35954,1,25,3,11,0,1,0,0,1
439000,1197,49757,2,27,4,8,0,1,0,0,1
1006000,1462,29624,1,2,0,4,1,0,0,0,1
401000,998,66992,1,4,2,4,0,1,1,0,0
305000,998,28048,2,16,4,9,0,1,0,0,1
725000,1248,74875,1,17,10,9,0,1,0,1,0
706000,1462,18001,1,12,1,6,0,1,0,0,1
755000,1462,16909,1,8,0,3,0,1,0,0,1
474000,1197,57535,2,16,0,7,0,1,0,0,1
431000,1197,56219,2,27,0,7,0,1,1,0,0
338000,998,16624,1,5,2,9,0,1,0,0,1
506000,1197,62669,1,20,4,7,0,1,0,0,1
438000,1248,120050,1,25,16,11,0,1,0,1,0
408000,998,98745,1,12,4,6,0,1,1,0,0
609000,1197,34224,1,1,3,3,1,0,0,0,1
716000,1197,14955,1,1,1,3,0,1,0,0,1
334000,1197,60719,1,22,4,12,0,1,0,0,1
546000,1248,59958,2,16,2,9,0,1,0,1,0
607000,1197,33155,2,4,0,6,1,0,0,0,1
275000,998,45304,1,13,12,11,0,1,0,0,1
513000,1373,41016,2,14,4,11,0,1,0,0,1
651000,1373,48033,1,19,1,9,0,1,0,0,1
427000,998,21125,1,9,0,5,1,0,0,0,1
468000,1197,19528,2,4,0,3,0,1,0,0,1
866000,1462,23697,1,23,3,4,1,0,0,0,1
239000,998,43569,2,19,2,12,0,1,0,0,1
708000,1197,24684,1,3,0,5,1,0,0,0,1
341000,998,34384,1,12,0,9,0,1,0,0,1
476000,998,10815,1,9,0,2,0,1,0,0,1
525000,1197,29835,1,5,6,7,0,1,0,0,1
587000,998,13106,1,7,3,3,0,1,1,0,0
480000,998,48375,1,1,2,3,0,1,1,0,0
476000,1197,25824,1,0,0,5,0,1,0,0,1
375000,998,84486,1,1,0,7,1,0,0,0,1
529000,1197,22343,2,14,2,5,0,1,0,0,1
643000,1462,54408,2,13,4,5,1,0,0,0,1
465000,1197,38048,2,22,2,7,1,0,0,0,1
432000,1197,30176,1,10,4,7,0,1,0,0,1
515000,1197,30064,2,4,1,7,0,1,0,0,1
865000,1462,29291,1,2,0,3,1,0,0,0,1
318000,998,98502,1,0,0,10,1,0,0,0,1
562000,998,23233,1,9,4,3,0,1,1,0,0
587000,1197,20987,1,1,0,2,0,1,0,0,1
478000,1197,19428,2,3,4,7,1,0,0,0,1
945000,1462,33706,1,22,1,3,1,0,0,0,1
927000,1462,16992,1,4,2,3,1,0,0,0,1
416000,998,37608,1,11,0,4,0,1,1,0,0
525000,1248,11144,1,13,7,10,0,1,0,1,0
371000,998,43944,2,14,0,7,0,1,0,0,1
287000,998,105898,2,30,0,10,0,1,1,0,0
379000,998,34793,1,16,0,7,0,1,0,0,1
562000,998,30981,1,5,3,3,0,1,1,0,0
333000,998,95135,1,0,0,10,0,1,1,0,0
586000,998,36188,1,8,1,3,0,1,1,0,0
723000,998,3883,1,1,0,1,1,0,0,0,1
879000,1462,31176,1,7,3,4,1,0,0,0,1
506000,1197,77150,1,13,2,6,1,0,0,0,1
1225000,1462,21141,1,0,0,1,0,1,1,0,0
529000,998,25230,1,5,3,4,0,1,1,0,0
392000,1197,29876,1,20,6,10,0,1,0,0,1
381000,1197,76928,2,9,3,9,0,1,0,0,1
562000,1197,51852,1,15,3,6,1,0,0,0,1
351000,998,19081,1,32,2,7,0,1,0,0,1
234000,998,42531,2,22,0,12,0,1,0,0,1
556000,1248,73649,1,19,1,7,0,1,0,1,0
462000,1197,11829,2,10,4,5,0,1,0,0,1
679000,1373,43851,1,1,0,8,0,1,0,0,1
280000,998,67447,1,16,3,10,0,1,0,0,1
591000,1248,119998,2,18,5,10,0,1,0,1,0
1231000,1462,10234,1,0,0,1,0,1,0,0,1
536000,1197,18693,1,9,2,3,0,1,0,0,1
630000,1197,16282,2,2,2,5,1,0,0,0,1
562000,998,27051,1,8,1,3,0,1,1,0,0
454000,998,13440,1,13,0,4,1,0,0,0,1
574000,998,39613,1,16,3,3,0,1,1,0,0
620000,1197,6992,1,1,2,2,0,1,0,0,1
304000,998,42307,1,11,0,10,0,1,0,0,1
282000,796,83469,1,2,5,7,0,1,1,0,0
1213000,1462,24494,1,1,0,2,1,0,0,0,1
1016000,1462,48740,1,0,0,3,0,1,0,0,1
476000,1373,85633,1,7,0,9,0,1,0,0,1
1155000,1373,20619,1,1,0,2,0,1,1,0,0
214000,796,40783,1,3,2,10,0,1,0,0,1
207000,998,31827,2,12,4,10,0,1,0,0,1
369000,1197,84530,1,18,1,9,0,1,0,0,1
454000,1197,49544,2,25,2,7,0,1,0,0,1
583000,1197,33723,1,9,0,4,0,1,0,0,1
333000,1197,69389,1,10,6,10,0,1,0,0,1
378000,1197,33244,1,7,6,11,0,1,0,0,1
519000,1197,34196,1,1,0,7,0,1,0,0,1
285000,796,76356,1,8,9,7,0,1,1,0,0
567000,1373,90742,1,9,3,8,1,0,0,0,1
243000,998,51243,2,6,1,9,0,1,0,0,1
306000,998,76296,1,18,3,10,1,0,0,0,1
388000,998,48605,2,10,2,6,0,1,1,0,0
511000,1197,20785,1,3,1,4,0,1,0,0,1
270000,998,53375,1,8,1,10,0,1,0,0,1
546000,1248,62767,1,9,1,8,0,1,0,1,0
665000,1373,31504,1,10,4,9,0,1,1,0,0
388000,998,27882,1,16,4,7,0,1,0,0,1
390000,1197,42022,1,13,7,10,0,1,0,0,1
403000,998,79682,1,17,1,7,0,1,1,0,0
366000,998,65289,1,13,0,7,1,0,0,0,1
286000,998,80601,1,28,9,11,0,1,1,0,0
329000,998,32718,1,15,0,10,1,0,0,0,1
521000,1197,77650,1,25,8,7,1,0,0,0,1
779000,1197,14683,1,1,0,3,1,0,0,0,1
267000,998,75349,2,13,5,11,0,1,1,0,0
570000,998,13032,1,4,0,3,0,1,1,0,0
488000,998,31772,1,3,0,2,0,1,1,0,0
467000,1197,76787,2,6,1,6,1,0,0,0,1
689000,1373,69763,1,12,3,8,0,1,1,0,0
251000,796,45935,2,19,1,8,0,1,0,0,1
497000,998,12950,2,7,2,4,0,1,1,0,0
385000,998,90267,2,14,1,8,0,1,1,0,0
515000,1197,35708,1,8,6,7,0,1,0,0,1
299000,998,44009,1,8,2,11,0,1,0,0,1
493000,1197,71405,1,6,2,8,0,1,0,0,1
428000,1197,17595,2,0,0,10,0,1,0,0,1
385000,796,8064,1,5,2,5,0,1,0,0,1
243000,796,90913,1,9,14,11,0,1,1,0,0
585000,998,51151,1,3,1,3,0,1,1,0,0
351000,1197,87034,2,0,0,11,0,1,0,0,1
331000,998,60005,3,4,13,7,0,1,0,0,1
470000,998,16213,1,0,0,2,0,1,0,0,1
245000,998,18101,1,0,0,11,0,1,0,0,1
358000,998,56620,1,6,1,9,0,1,0,0,1
612000,1197,7097,1,1,0,2,0,1,0,0,1
621000,1197,37274,1,8,2,7,1,0,0,0,1
973000,1462,21217,1,1,2,1,0,1,0,0,1
409000,1197,54728,1,22,17,6,0,1,0,0,1
468000,1197,96263,1,0,0,9,0,1,0,0,1
170000,998,123621,2,25,6,13,0,1,0,0,1
319000,998,30634,1,10,6,9,1,0,0,0,1
381000,1197,57747,1,26,5,6,0,1,0,0,1
476000,1197,52736,1,12,5,8,0,1,0,0,1
448000,1197,64434,2,17,8,8,0,1,0,0,1
454000,1197,42316,2,0,0,7,0,1,0,0,1
518000,1197,110283,2,7,4,7,0,1,0,0,1
327000,998,98581,2,0,0,7,0,1,1,0,0
435000,998,90082,2,0,0,6,0,1,1,0,0
652000,1248,100984,1,0,0,6,1,0,0,1,0
635000,1248,83762,2,0,0,6,0,1,0,1,0
524000,1197,39639,2,19,12,5,0,1,0,0,1
330000,998,37678,1,18,5,10,0,1,0,0,1
347000,998,70769,2,17,7,7,1,0,0,0,1
439000,998,37817,1,7,5,5,0,1,0,0,1
357000,1197,88376,1,0,0,11,0,1,0,0,1
347000,998,32701,1,4,2,7,0,1,0,0,1
976000,1462,19967,1,2,0,3,0,1,0,0,1
375000,998,27204,1,16,4,9,0,1,0,0,1
544000,1248,96999,1,11,4,11,0,1,0,1,0
404000,998,67082,1,1,12,7,1,0,0,0,1
449000,1197,69689,1,13,6,5,0,1,0,0,1
677000,1197,32117,2,16,3,4,1,0,0,0,1
500000,998,59169,1,0,0,5,0,1,1,0,0
435000,1197,63296,1,0,0,10,0,1,0,0,1
547000,1197,58158,1,6,6,4,1,0,0,0,1
453000,1197,116084,1,0,0,7,0,1,0,0,1
535000,1197,69911,2,6,3,7,0,1,0,0,1
307000,1197,39721,2,18,14,13,0,1,0,0,1
234000,998,53066,1,13,4,10,0,1,0,0,1
470000,998,52105,1,9,2,4,1,0,0,0,1
579000,1373,51872,1,7,9,7,0,1,0,0,1
491000,998,38233,1,13,2,3,0,1,0,0,1
454000,1248,100777,1,20,9,11,0,1,0,1,0
921000,1197,27338,1,3,0,2,1,0,0,0,1
287000,998,75649,2,0,0,11,0,1,0,0,1
737000,1462,63804,1,7,5,4,0,1,0,0,1
497000,1197,71773,1,6,6,5,1,0,0,0,1
294000,796,69275,1,0,0,7,0,1,0,0,1
193000,998,72136,2,15,7,12,0,1,0,0,1
552000,998,37683,1,11,4,4,0,1,1,0,0
1089000,1462,11953,1,11,0,2,1,0,0,0,1
285000,998,105803,1,14,0,12,0,1,1,0,0
429000,998,41534,1,6,4,4,0,1,1,0,0
565000,1197,11679,1,7,2,2,0,1,0,0,1
588000,1197,44226,1,4,8,6,0,1,0,0,1
434000,998,108085,2,20,9,6,0,1,1,0,0
1220000,1462,8892,1,0,0,1,0,1,0,0,1
886000,1462,28539,1,15,2,4,1,0,0,0,1
600000,1373,39516,1,11,7,8,0,1,0,0,1
318000,998,51875,2,7,5,7,1,0,0,0,1
522000,1373,80161,2,14,7,9,1,0,0,0,1
373000,998,78845,1,8,2,8,0,1,0,0,1
393000,998,94780,2,15,11,8,1,0,0,0,1
466000,998,36411,2,9,0,5,1,0,0,0,1
519000,1373,77033,2,12,7,9,0,1,0,0,1
484000,998,20971,1,5,1,2,0,1,1,0,0
446000,998,17104,1,3,1,4,1,0,0,0,1
560000,1197,99905,1,13,9,7,1,0,0,0,1
578000,1373,50044,1,9,5,8,0,1,0,0,1
651000,998,12621,1,6,1,1,1,0,0,0,1
441000,998,27670,2,1,3,5,1,0,0,0,1
552000,998,1207,1,1,0,1,1,0,0,0,1
450000,1248,100146,1,31,9,12,0,1,0,1,0
297000,998,44631,1,0,0,11,0,1,0,0,1
664000,1373,85512,1,6,12,6,1,0,0,0,1
483000,998,13814,1,1,0,2,0,1,0,0,1
412000,1197,124716,1,0,0,10,0,1,0,0,1
413000,998,41964,2,6,1,6,1,0,0,0,1
475000,998,57936,1,13,6,5,0,1,0,0,1
245000,998,85612,1,19,12,13,0,1,0,0,1
345000,998,52911,1,23,6,9,0,1,0,0,1
1258000,1462,28161,1,1,0,1,0,1,0,0,1
456000,1197,41277,1,4,1,10,0,1,0,0,1
936000,1462,39121,1,0,0,4,1,0,0,0,1
462000,998,31440,1,15,5,6,0,1,0,0,1
1408000,1462,10786,1,0,0,2,1,0,0,0,1
266000,998,71136,1,29,4,12,0,1,0,0,1
501000,998,45951,2,9,12,3,0,1,0,0,1
361000,998,62835,2,4,6,8,1,0,0,0,1
358000,998,85873,2,23,4,8,1,0,0,0,1
278000,998,63196,1,0,0,12,0,1,0,0,1
266000,998,79028,1,26,3,12,0,1,0,0,1
510000,998,22237,1,9,21,6,0,1,0,0,1
358000,998,82634,1,0,0,10,0,1,1,0,0
431000,1197,55450,2,0,0,10,0,1,0,0,1
489000,998,63339,2,0,0,5,0,1,1,0,0
547000,1373,48598,1,3,1,11,0,1,0,0,1
525000,1197,31322,2,9,3,8,0,1,0,0,1
377000,1197,80409,1,0,0,10,0,1,0,0,1
472000,1197,75058,1,22,2,8,0,1,0,0,1
211000,796,60963,1,21,7,10,0,1,0,0,1
378000,998,78252,2,0,0,7,0,1,1,0,0
323000,998,70605,1,0,0,7,1,0,0,0,1
297000,998,94154,2,8,9,8,1,0,0,0,1
710000,1197,25919,1,0,0,2,0,1,0,0,1
485000,1197,27791,1,8,2,10,0,1,0,0,1
565000,998,40609,1,6,4,4,0,1,1,0,0
520000,1373,62978,1,4,2,7,0,1,0,0,1
397000,998,115719,2,0,0,7,0,1,1,0,0
544000,1197,27135,1,23,2,7,0,1,0,0,1
356000,998,65835,1,15,11,10,0,1,1,0,0
488000,998,57098,1,9,1,6,0,1,1,0,0
449000,1197,34421,2,4,9,7,0,1,0,0,1
825000,1197,4744,1,0,0,3,1,0,0,0,1
294000,998,80360,2,17,7,10,0,1,0,0,1
496000,998,32605,2,14,5,5,1,0,0,0,1
349000,998,43688,1,15,9,9,0,1,0,0,1
414000,998,58845,2,28,3,7,0,1,1,0,0
641000,1373,23948,1,5,1,6,0,1,0,0,1
484000,1197,98346,1,7,3,6,0,1,0,0,1
469000,1197,62561,1,10,5,8,0,1,0,0,1
525000,998,61137,1,11,7,4,0,1,1,0,0
181000,796,107619,3,18,6,10,0,1,1,0,0
362000,1197,64036,1,2,4,12,0,1,0,0,1
587000,1373,69001,1,8,2,11,0,1,1,0,0
426000,998,10347,1,17,5,8,0,1,1,0,0
296000,998,31342,2,9,3,9,1,0,0,0,1
602000,1248,70911,1,11,3,9,0,1,0,1,0
439000,1248,82541,1,8,11,12,0,1,0,1,0
548000,1197,9464,1,10,1,2,0,1,0,0,1
838000,1462,17902,1,5,1,3,1,0,0,0,1
354000,796,37246,2,6,3,4,0,1,0,0,1
304000,998,24588,1,17,3,11,0,1,0,0,1
551000,1197,60938,2,19,10,8,1,0,0,0,1
274000,998,60787,2,11,1,11,0,1,0,0,1
513000,1197,7994,1,7,4,3,0,1,0,0,1
515000,1197,46150,1,19,8,6,0,1,0,0,1
507000,1197,8433,2,6,6,8,0,1,0,0,1
294000,998,115715,1,15,2,11,0,1,1,0,0
589000,998,5169,1,7,1,1,0,1,0,0,1
459000,998,99211,1,16,1,6,0,1,1,0,0
348000,998,36942,2,24,4,8,0,1,0,0,1
614000,1197,11054,1,8,3,1,0,1,0,0,1
521000,998,20485,1,5,6,2,0,1,0,0,1
956000,1462,48847,2,1,0,5,1,0,0,0,1
424000,998,22789,1,11,2,7,0,1,0,0,1
445000,1197,65005,2,18,4,9,0,1,0,0,1
286000,998,57444,1,35,3,11,0,1,0,0,1
700000,1197,19045,1,2,3,3,1,0,0,0,1
467000,1197,6841,1,9,4,2,0,1,0,0,1
921000,1462,54342,1,12,0,5,1,0,0,0,1
1220000,1462,43830,1,3,4,2,0,1,0,0,1
1185000,1462,40395,2,2,0,2,1,0,0,0,1
700000,1197,39141,2,3,0,3,1,0,0,0,1
389000,1197,82619,1,10,4,9,0,1,0,0,1
687000,1462,45236,2,9,5,6,1,0,0,0,1
243000,998,75053,1,12,7,9,0,1,0,0,1
546000,1197,107988,2,0,0,4,0,1,0,0,1
1103000,1462,16283,1,0,0,2,0,1,0,0,1
308000,998,52966,1,8,3,6,0,1,0,0,1
453000,1197,81039,1,14,2,8,1,0,0,0,1
363000,998,36674,1,14,7,7,0,1,0,0,1
633000,1462,29871,2,9,3,4,0,1,0,0,1
264000,796,29295,1,20,4,8,0,1,0,0,1
472000,1197,51244,1,12,2,5,0,1,0,0,1
756000,1462,59733,1,7,5,5,0,1,0,0,1
887000,1462,26199,1,6,0,4,0,1,0,0,1
564000,1197,42752,1,8,3,7,1,0,0,0,1
973000,1462,49458,1,4,1,2,0,1,0,0,1
332000,796,27947,2,10,0,4,0,1,0,0,1
598000,1197,60935,1,11,0,4,0,1,0,0,1
377000,796,13283,1,10,1,2,0,1,0,0,1
609000,1373,92386,1,17,4,7,0,1,0,0,1
710000,1462,24819,1,2,0,4,0,1,0,0,1
250000,998,70322,2,11,4,11,0,1,0,0,1
528000,1197,29453,1,15,2,5,0,1,0,0,1
700000,1462,36045,1,3,0,2,0,1,0,0,1
839000,1462,39821,1,5,1,5,1,0,0,0,1
511000,1197,33972,1,10,5,5,0,1,0,0,1
570000,1197,109938,1,14,5,5,0,1,0,0,1
369000,998,21218,1,4,4,8,1,0,0,0,1
1288000,1462,6634,1,0,0,2,1,0,0,0,1
412000,998,26471,1,7,3,5,1,0,0,0,1
398000,796,27014,1,10,2,2,0,1,0,0,1
577000,1197,43834,1,11,5,5,0,1,0,0,1
627000,1248,86541,1,15,1,5,1,0,0,1,0
341000,998,42926,1,3,4,7,1,0,0,0,1
455000,1197,57073,1,7,15,5,0,1,0,0,1
635000,1197,11486,1,16,5,3,1,0,0,0,1
397000,998,11942,1,19,5,6,0,1,0,0,1
525000,1197,67091,1,13,4,5,0,1,0,0,1
677000,1197,25782,1,8,12,2,0,1,0,0,1
809000,1462,30949,1,30,11,4,1,0,0,0,1
596000,1197,50947,1,6,0,6,1,0,0,0,1
1026000,1462,8502,2,1,0,1,0,1,0,0,1
721000,1197,24626,1,34,15,2,0,1,0,0,1
665000,1197,38768,1,2,0,3,1,0,0,0,1
631000,1197,35218,1,15,5,2,0,1,0,0,1
533000,1197,18015,1,8,0,2,0,1,0,0,1
424000,1197,43488,2,31,7,9,0,1,0,0,1
599000,1197,10783,1,11,2,2,0,1,1,0,0
407000,998,22156,1,0,0,7,1,0,0,0,1
337000,1197,69235,3,0,0,8,0,1,0,0,1
350000,998,60446,1,17,2,7,0,1,0,0,1
667000,1197,23264,2,11,0,3,1,0,0,0,1
419000,1373,123772,1,36,4,8,0,1,0,0,1
523000,1197,10469,1,7,3,1,0,1,0,0,1
477000,1197,33099,1,16,0,8,0,1,0,0,1
402000,796,38458,1,8,0,3,0,1,1,0,0
337000,998,40632,1,16,4,6,1,0,0,0,1
452000,1373,39298,1,14,1,10,0,1,0,0,1
227000,998,45475,3,37,2,9,0,1,0,0,1
686000,1248,102604,1,28,0,5,0,1,0,1,0
819000,1462,62418,2,2,6,5,1,0,0,0,1
464000,1197,19085,1,3,3,5,0,1,0,0,1
435000,998,14943,1,6,0,1,0,1,0,0,1
266000,998,86421,1,11,6,8,0,1,0,0,1
1062000,1462,24062,1,8,3,2,1,0,0,0,1
470000,1197,22148,1,14,7,7,0,1,0,0,1
283000,1197,61671,1,16,3,11,0,1,0,0,1
622000,1197,30314,1,4,8,3,0,1,0,0,1
584000,1197,32866,2,1,1,5,0,1,0,0,1
366000,796,8830,1,10,4,3,0,1,0,0,1
487000,998,65081,1,9,10,4,0,1,1,0,0
162000,998,93282,1,35,10,13,0,1,0,0,1
551000,1197,25069,1,6,4,4,0,1,0,0,1
681000,1197,15895,1,10,2,5,1,0,0,0,1
303000,998,75874,1,7,1,9,0,1,0,0,1
503000,998,43689,1,23,2,3,0,1,1,0,0
479000,1197,25742,1,6,4,3,0,1,0,0,1
594000,1197,27356,2,10,0,6,0,1,0,0,1
594000,1197,27841,1,6,3,4,0,1,0,0,1
583000,1373,93015,1,19,12,7,0,1,0,0,1
498000,1197,32238,2,3,5,2,0,1,0,0,1
842000,1462,57060,1,10,10,3,1,0,0,0,1
660000,1197,49622,1,11,4,3,1,0,0,0,1
301000,998,54080,2,11,7,8,0,1,0,0,1
221000,796,97698,2,14,6,8,0,1,0,0,1
843000,1197,27052,1,6,6,2,1,0,0,0,1
392000,1197,39849,1,28,2,9,0,1,0,0,1
254000,1197,41942,1,23,5,12,0,1,0,0,1
469000,998,21607,1,3,6,1,0,1,0,0,1
208000,1197,31841,1,30,2,13,0,1,0,0,1
359000,998,43944,1,24,10,7,0,1,0,0,1
470000,1197,89506,1,8,7,8,0,1,0,0,1
349000,1197,102460,1,6,9,9,0,1,0,0,1
401000,1373,54751,1,24,5,12,0,1,0,0,1
763000,1197,15673,1,1,3,4,1,0,0,0,1
554000,1462,52662,2,15,3,6,0,1,0,0,1
371000,998,60902,2,7,0,6,0,1,0,0,1
299000,1197,82496,1,25,8,11,0,1,0,0,1
635000,1373,90015,2,10,6,7,1,0,1,0,0
528000,1373,57286,1,8,12,8,0,1,0,0,1
523000,1197,65056,2,13,2,5,0,1,0,0,1
516000,1197,45853,2,18,6,6,0,1,0,0,1
406000,998,63194,1,19,6,5,0,1,0,0,1
640000,1197,21574,1,6,5,6,0,1,0,0,1
526000,1373,87163,1,17,5,8,0,1,0,0,1
755000,1197,12432,1,6,2,2,0,1,0,0,1
604000,1197,41436,1,5,9,3,0,1,0,0,1
548000,1197,47849,2,14,8,5,0,1,1,0,0
343000,1197,82344,2,30,2,8,0,1,0,0,1
335000,1197,71287,2,29,7,9,0,1,0,0,1
526000,1197,8644,1,4,1,5,1,0,0,0,1
560000,1197,54458,2,6,4,6,1,0,0,0,1
393000,1197,35817,1,8,5,9,0,1,0,0,1
490000,1197,47472,1,12,5,7,0,1,0,0,1
673000,1197,36051,1,4,6,2,1,0,0,0,1
484000,1197,26662,1,2,0,6,1,0,0,0,1
502000,1197,91549,1,37,4,7,0,1,0,0,1
378000,998,31102,2,27,11,4,0,1,0,0,1
265000,1197,34096,1,12,15,12,0,1,0,0,1
561000,1197,59602,2,15,5,5,0,1,0,0,1
406000,796,2116,1,2,0,2,0,1,0,0,1
474000,1373,107298,1,35,12,8,0,1,0,0,1
333000,1197,78609,2,39,6,10,0,1,0,0,1
622000,1197,33717,1,30,11,3,0,1,0,0,1
324000,998,86692,2,4,1,8,1,0,0,0,1
573000,1197,20654,1,7,5,3,0,1,0,0,1
493000,1373,60410,1,7,2,8,0,1,0,0,1
392000,1197,27571,1,0,0,9,0,1,0,0,1
373000,1197,59260,1,0,0,9,0,1,0,0,1
485000,1373,56400,1,26,5,9,0,1,0,0,1
222000,1197,48906,1,43,8,13,0,1,0,0,1
320000,1197,72832,1,32,7,10,0,1,0,0,1
332000,998,26213,2,14,4,4,0,1,0,0,1
1048000,1462,21566,1,1,0,2,1,0,0,0,1
334000,998,117691,1,0,0,7,0,1,1,0,0
449000,1197,105428,1,27,3,7,0,1,0,0,1
419000,1197,94626,1,6,3,8,0,1,0,0,1
427000,998,74343,1,30,1,5,1,0,0,0,1
273000,998,32631,1,0,0,10,0,1,0,0,1
379000,998,37597,2,5,0,8,1,0,0,0,1
915000,1462,35472,1,25,3,2,0,1,0,0,1
590000,1197,36124,1,10,5,5,1,0,0,0,1
644000,1197,33848,1,10,4,3,0,1,0,0,1
699000,1197,27579,2,12,0,4,1,0,0,0,1
368000,796,34574,1,15,5,2,0,1,0,0,1
477000,998,41307,2,9,2,4,1,0,0,0,1
503000,1197,29628,1,7,1,7,0,1,0,0,1
749000,1462,41735,1,23,8,5,0,1,0,0,1
472000,998,20914,1,4,0,4,0,1,0,0,1
298000,796,68062,1,12,2,6,0,1,0,0,1
932000,1462,15892,1,0,0,2,0,1,0,0,1
451000,1248,70867,2,28,6,9,0,1,0,1,0
529000,1197,65533,1,24,9,5,0,1,0,0,1
545000,1197,13103,1,11,0,2,0,1,0,0,1
278000,796,89267,1,19,9,6,0,1,0,0,1
336000,796,35457,1,27,3,4,0,1,0,0,1
633000,1197,29923,1,10,4,3,0,1,0,0,1
154000,998,63048,1,33,3,13,0,1,0,0,1
294000,998,48331,2,8,3,8,1,0,0,0,1
644000,1197,28415,1,14,3,3,0,1,0,0,1
368000,998,103154,1,0,0,7,0,1,1,0,0
506000,1197,33665,2,23,6,7,0,1,0,0,1
631000,1197,55790,1,1,5,4,0,1,0,0,1
644000,1197,25705,1,11,5,3,0,1,0,0,1
551000,1197,35190,1,7,5,5,0,1,0,0,1
600000,1197,43478,1,22,3,5,0,1,0,0,1
462000,1373,109535,1,27,13,9,0,1,0,0,1
395000,998,41734,1,6,11,7,1,0,0,0,1
598000,1197,60770,1,9,3,4,0,1,0,0,1
373000,998,91668,1,12,7,6,0,1,1,0,0
630000,1462,43343,1,10,9,6,0,1,0,0,1
436000,1197,23582,1,11,6,7,0,1,0,0,1
642000,1373,43537,1,13,4,7,0,1,0,0,1
417000,1197,42401,1,15,1,7,0,1,0,0,1
411000,998,50012,1,29,3,6,1,0,0,0,1
410000,998,18442,1,7,1,4,0,1,0,0,1
425000,1197,69216,1,25,16,9,0,1,0,0,1
373000,998,87192,1,11,9,6,0,1,1,0,0
435000,1373,119077,1,27,7,9,0,1,0,0,1
218000,1197,68075,1,30,6,13,0,1,0,0,1
733000,1462,46573,1,20,2,5,0,1,0,0,1
802000,1197,47217,2,8,5,2,0,1,1,0,0
533000,1197,12195,1,4,0,2,0,1,0,0,1
479000,998,24266,1,8,1,4,0,1,0,0,1
648000,1462,104059,1,32,4,6,1,0,0,0,1
407000,998,15966,1,7,0,4,0,1,0,0,1
510000,1197,38776,1,0,0,6,0,1,0,0,1
425000,998,21688,2,1,0,2,0,1,0,0,1
804000,1462,27877,1,7,8,5,0,1,0,0,1
358000,998,80495,1,33,6,7,1,0,0,0,1
506000,998,72472,1,25,4,4,0,1,1,0,0
506000,1197,29508,2,14,0,7,0,1,0,0,1
312000,998,66325,1,19,2,9,0,1,0,0,1
663000,1462,66068,1,14,2,5,0,1,0,0,1
660000,1197,35495,1,15,0,4,0,1,0,0,1
623000,1197,21221,1,5,4,5,0,1,0,0,1
233000,1197,28803,1,0,0,13,0,1,0,0,1
417000,1197,47968,1,15,5,7,0,1,0,0,1
659000,1197,31845,1,11,6,4,0,1,0,0,1
631000,1197,47915,2,24,3,5,1,0,0,0,1
369000,998,30651,1,6,2,4,0,1,0,0,1
633000,1197,36969,1,12,2,6,1,0,0,0,1
592000,998,22666,1,19,0,2,1,0,0,0,1
201000,998,31824,3,20,5,13,0,1,0,0,1
490000,1197,41801,1,13,5,7,0,1,0,0,1
572000,1373,46722,2,9,12,6,1,0,0,0,1
491000,1197,68287,1,30,7,7,0,1,0,0,1
503000,1197,31714,1,12,5,7,0,1,0,0,1
534000,1197,69002,1,21,5,7,1,0,0,0,1
627000,1197,59534,1,9,2,4,0,1,1,0,0
266000,998,72090,1,21,4,10,0,1,0,0,1
542000,1197,70189,1,15,9,6,1,0,0,0,1
442000,998,47493,1,10,0,8,1,0,0,0,1
272000,998,53117,1,0,0,10,0,1,0,0,1
633000,1197,18854,1,6,3,6,1,0,0,0,1
608000,1197,38482,1,2,6,4,0,1,0,0,1
741000,1462,52112,1,1,4,5,1,0,0,0,1
677000,1462,76460,2,8,3,6,0,1,0,0,1
182000,1197,43506,1,0,0,13,0,1,0,0,1
377000,796,13185,1,8,0,2,0,1,0,0,1
355000,998,68891,1,0,0,8,1,0,0,0,1
256000,1197,43425,2,0,0,12,0,1,0,0,1
272000,1197,51629,1,35,12,12,0,1,0,0,1
394000,998,80107,3,0,0,6,0,1,1,0,0
374000,998,84574,1,10,8,8,1,0,0,0,1
427000,1373,81914,1,5,3,10,0,1,0,0,1
287000,1197,82487,2,0,0,11,0,1,0,0,1
501000,1197,12716,1,23,2,5,1,0,0,0,1
246000,998,64539,2,0,0,10,0,1,0,0,1
496000,1197,33752,1,24,8,9,0,1,0,0,1
802000,1462,31431,1,17,3,5,1,0,0,0,1
412000,998,28660,1,10,3,5,1,0,0,0,1
287000,1197,48618,1,29,9,12,0,1,0,0,1
411000,998,15360,1,27,3,3,0,1,0,0,1
319000,1197,36474,1,0,0,11,0,1,0,0,1
446000,998,54533,2,9,4,6,1,0,0,0,1
218000,998,32625,1,13,6,12,0,1,0,0,1
400000,1197,62656,1,7,5,10,0,1,0,0,1
267000,998,65520,1,18,5,10,0,1,0,0,1
432000,998,12058,1,9,2,3,0,1,0,0,1
297000,1197,54292,1,31,10,12,0,1,0,0,1
622000,1197,80139,1,17,7,5,1,0,0,0,1
601000,1373,77919,1,21,6,7,0,1,0,0,1
642000,1373,119884,1,9,8,6,1,0,0,0,1
631000,1197,58514,1,8,1,4,0,1,0,0,1
490000,1373,94923,1,21,7,9,0,1,0,0,1
388000,998,65734,1,14,0,8,1,0,0,0,1
466000,998,27032,1,9,1,3,1,0,0,0,1
184000,1197,41367,1,0,0,13,0,1,0,0,1
608000,1373,91528,1,32,7,7,1,0,0,0,1
363000,796,20288,1,4,3,4,0,1,0,0,1
455000,998,12690,1,4,0,2,0,1,0,0,1
425000,1197,69308,1,23,8,9,0,1,0,0,1
275000,998,65948,2,12,9,10,0,1,0,0,1
492000,1197,35102,1,7,1,2,0,1,0,0,1
852000,1462,24961,1,10,1,4,0,1,0,0,1
477000,1197,58159,1,13,2,6,0,1,0,0,1
507000,1197,60326,1,0,0,5,0,1,0,0,1
863000,1197,5527,1,1,0,2,1,0,0,0,1
471000,1197,56124,1,9,4,8,1,0,0,0,1
283000,796,26537,1,16,6,7,0,1,0,0,1
265000,998,71297,1,5,3,10,1,0,0,0,1
650000,1197,10050,2,15,0,1,0,1,0,0,1
494000,998,12708,1,9,2,2,0,1,0,0,1
479000,1197,17472,1,11,9,3,0,1,0,0,1
1153000,1462,7048,1,3,0,1,0,1,0,0,1
793000,1197,18868,1,6,5,1,0,1,1,0,0
468000,1373,45312,1,30,4,9,0,1,0,0,1
816000,1462,15983,1,6,1,2,0,1,0,0,1
421000,998,60076,1,0,0,5,0,1,1,0,0
484000,1197,22263,1,0,0,7,0,1,0,0,1
647000,1248,59343,2,5,5,5,1,0,0,1,0
477000,1197,59288,1,0,0,6,0,1,0,0,1
417000,1196,62412,2,3,10,5,0,1,1,0,0
216000,998,19685,1,3,0,11,0,1,0,0,1
374000,998,54485,1,31,6,4,0,1,0,0,1
454000,1197,20189,1,4,6,5,0,1,0,0,1
574000,998,6799,1,2,1,2,0,1,1,0,0
376000,1197,84544,2,6,1,7,0,1,0,0,1
330000,1373,52584,2,31,6,12,0,1,0,0,1
368000,1197,65365,1,0,0,9,0,1,0,0,1
349000,998,56638,1,0,0,7,0,1,0,0,1
618000,1197,36095,2,9,1,4,0,1,0,0,1
267000,998,77786,3,10,4,8,1,0,0,0,1
490000,1373,56050,1,12,0,9,0,1,0,0,1
390000,998,56257,1,0,0,6,0,1,1,0,0
410000,1197,88225,1,0,0,7,0,1,1,0,0
540000,998,2440,1,3,3,1,0,1,0,0,1
671000,1462,51690,1,18,1,6,0,1,0,0,1
503000,998,67693,1,23,4,4,0,1,1,0,0
336000,998,43451,2,16,0,7,0,1,0,0,1
298000,998,46592,1,33,6,9,0,1,0,0,1
683000,1197,39686,1,1,6,3,0,1,0,0,1
490000,1197,83664,1,14,0,7,0,1,0,0,1
625000,998,38261,1,6,7,2,0,1,1,0,0
398000,998,40144,1,10,0,7,1,0,0,0,1
378000,998,116413,1,0,0,7,0,1,1,0,0
482000,998,48593,1,19,3,5,0,1,1,0,0
269000,998,57918,2,0,0,10,0,1,0,0,1
421000,998,64311,1,9,4,4,0,1,1,0,0
311000,1197,55346,1,25,9,12,0,1,0,0,1
412000,1373,58200,1,27,6,10,0,1,0,0,1
613000,1197,30892,1,5,2,4,0,1,0,0,1
325000,998,49080,1,17,3,7,1,0,0,0,1
381000,998,39522,1,3,3,4,0,1,0,0,1
416000,1197,61039,1,15,1,7,0,1,0,0,1
264000,796,17816,1,3,4,8,0,1,0,0,1
645000,1197,7386,1,4,0,3,0,1,0,0,1
497000,1197,65122,1,6,5,4,0,1,0,0,1
634000,1197,40126,1,6,2,4,1,0,0,0,1
426000,998,75502,1,20,3,4,0,1,1,0,0
638000,1197,14887,1,11,7,1,0,1,0,0,1
559000,1197,11194,1,3,0,1,0,1,0,0,1
468000,1197,42091,2,10,8,5,0,1,0,0,1
356000,998,81370,1,4,11,7,0,1,1,0,0
502000,1197,24003,2,3,4,3,0,1,0,0,1
284000,998,58808,2,13,3,10,1,0,0,0,1
837000,1462,29125,2,3,0,3,1,0,0,0,1
563000,998,23928,1,9,0,2,0,1,1,0,0
593000,1197,40276,2,4,1,5,1,0,0,0,1
437000,1197,53062,1,22,7,6,0,1,0,0,1
211000,796,67219,2,9,6,9,0,1,0,0,1
278000,998,37983,1,6,8,8,0,1,0,0,1
292000,998,121389,1,27,0,8,0,1,0,0,1
420000,1196,43731,1,4,9,5,0,1,0,0,1
230000,796,89853,1,25,7,8,0,1,0,0,1
553000,1197,27940,2,7,0,4,0,1,0,0,1
269000,1197,57273,1,0,0,10,0,1,0,0,1
588000,1197,66093,2,21,6,4,0,1,0,0,1
648000,1197,22779,2,2,3,5,1,0,0,0,1
495000,1197,50509,1,24,2,7,1,0,0,0,1
397000,998,72457,1,7,9,6,0,1,1,0,0
449000,1197,100481,1,15,4,6,1,0,1,0,0
476000,1197,34898,1,11,4,5,0,1,0,0,1
503000,1197,65806,1,28,6,7,0,1,0,0,1
619000,998,14131,1,6,1,1,0,1,1,0,0
409000,998,29987,1,7,2,4,0,1,0,0,1
536000,1197,17745,1,1,1,2,0,1,0,0,1
422000,1197,87820,1,10,6,7,0,1,0,0,1
516000,1197,36970,1,6,9,6,0,1,0,0,1
139000,998,83452,1,27,5,13,0,1,0,0,1
626000,1373,33161,1,5,3,7,0,1,0,0,1
587000,1197,60275,2,13,7,6,1,0,0,0,1
556000,1197,30781,2,7,11,6,0,1,0,0,1
689000,1248,81814,2,21,5,8,0,1,0,1,0
667000,1197,31851,1,12,2,3,0,1,0,0,1
713000,1197,34551,2,5,7,4,1,0,0,0,1
542000,1197,16495,1,8,0,3,0,1,0,0,1
556000,1197,32226,1,3,0,5,1,0,0,0,1
373000,796,16511,2,13,7,5,0,1,0,0,1
916000,1462,46533,2,13,0,2,0,1,0,0,1
313000,796,23280,1,0,0,7,0,1,0,0,1
682000,1197,53792,1,19,3,6,1,0,0,0,1
517000,998,19602,1,3,0,1,0,1,0,0,1
446000,998,97537,2,27,2,6,0,1,0,0,1
475000,998,37808,1,12,3,2,0,1,0,0,1
452000,998,21839,2,6,2,3,0,1,0,0,1
437000,998,65272,2,13,5,7,1,0,0,0,1
680000,1373,33499,2,20,3,7,0,1,0,0,1
736000,1462,73050,1,23,1,6,0,1,0,0,1
438000,1197,70948,3,17,4,8,0,1,0,0,1
590000,1197,49352,1,19,0,7,1,0,0,0,1
743000,1197,19025,1,9,4,2,0,1,0,0,1
1220000,1462,8264,1,10,0,1,0,1,0,0,1
739000,1197,62438,1,4,4,4,0,1,0,0,1
319000,998,66819,1,21,8,11,0,1,0,0,1
1182000,1462,8727,1,4,0,1,0,1,0,0,1
581000,998,16952,1,7,2,2,0,1,0,0,1
784000,1462,49739,1,19,8,4,0,1,0,0,1
392000,998,119383,1,26,10,6,1,0,0,0,1
539000,1248,95343,2,27,9,8,0,1,0,1,0
468000,1197,79548,2,14,4,7,0,1,0,0,1
254000,998,50925,2,14,4,10,0,1,0,0,1
398000,1196,89906,1,11,9,6,0,1,0,0,1
568000,1197,68932,1,21,6,7,1,0,0,0,1
692000,1373,77543,1,10,8,6,1,0,0,0,1
527000,1197,57417,1,14,4,8,0,1,0,0,1
807000,1197,44513,1,11,4,2,0,1,0,0,1
300000,796,56946,1,7,1,7,0,1,0,0,1
332000,796,35479,2,20,8,5,0,1,0,0,1
578000,1248,88396,2,28,5,8,1,0,0,1,0
501000,1197,29420,2,10,3,5,0,1,0,0,1
660000,1197,59613,2,17,1,6,1,0,0,0,1
584000,1197,86069,2,26,14,7,0,1,0,0,1
476000,998,18880,2,6,0,3,1,0,0,0,1
531000,998,6549,1,5,1,3,0,1,0,0,1
415000,796,19497,1,7,5,2,0,1,0,0,1
744000,1197,72538,1,6,8,4,1,0,0,0,1
673000,1197,20335,1,9,4,1,1,0,0,0,1
396000,998,74308,1,29,1,8,1,0,0,0,1
450000,796,7184,1,3,0,2,0,1,0,0,1
573000,998,90881,1,24,1,7,0,1,0,0,1
447000,998,85129,1,16,6,6,1,0,0,0,1
465000,998,40092,2,6,6,4,1,0,0,0,1
460000,1197,81794,1,2,0,6,0,1,0,0,1
713000,1197,70579,2,22,2,4,1,0,0,0,1
449000,998,70604,1,14,9,5,1,0,0,0,1
320000,796,35716,1,14,8,6,0,1,0,0,1
637000,1197,29975,1,7,2,7,1,0,0,0,1
436000,998,55485,1,9,0,7,0,1,0,0,1
707000,1462,78170,2,12,3,6,0,1,0,0,1
321000,796,53567,2,9,5,5,0,1,0,0,1
532000,998,14243,1,4,4,1,0,1,0,0,1
445000,998,23216,1,9,0,4,0,1,0,0,1
340000,998,70222,1,25,11,7,0,1,0,0,1
502000,1197,98073,1,10,13,5,1,0,0,0,1
631000,1197,78967,1,11,7,7,1,0,0,0,1
472000,998,10432,1,1,1,3,0,1,0,0,1
637000,1197,17243,1,7,0,2,0,1,0,0,1
608000,998,58811,1,3,1,2,0,1,0,0,1
419000,1197,55989,2,0,0,10,0,1,0,0,1
504000,1197,69898,1,13,3,8,0,1,0,0,1
382000,998,59745,1,16,10,9,0,1,0,0,1
545000,1197,35706,1,10,2,4,0,1,0,0,1
464000,998,72164,1,3,0,6,1,0,0,0,1
695000,1373,66598,1,6,2,6,0,1,0,0,1
440000,998,14896,2,12,1,4,0,1,0,0,1
459000,998,27608,1,13,0,4,0,1,0,0,1
418000,1197,59471,3,4,7,9,0,1,0,0,1
210000,796,79677,2,12,18,11,0,1,0,0,1
278000,796,70249,1,0,0,8,0,1,0,0,1
371000,796,17290,1,35,5,5,0,1,0,0,1
556000,998,20313,1,7,1,2,0,1,0,0,1
452000,998,20840,1,9,3,5,1,0,0,0,1
661000,1197,5098,1,12,2,1,0,1,0,0,1
473000,998,15094,1,4,1,2,0,1,0,0,1
370000,796,21999,1,0,0,5,0,1,0,0,1
598000,1197,52423,1,10,1,4,1,0,0,0,1
558000,1197,73333,2,12,6,6,0,1,0,0,1
702000,1197,15176,1,18,5,2,0,1,0,0,1
689000,1197,31947,1,13,3,2,0,1,0,0,1
505000,998,12067,1,11,7,3,1,0,0,0,1
526000,1197,27297,1,5,4,8,0,1,0,0,1
589000,1197,58463,1,8,9,3,0,1,0,0,1
661000,1197,45808,1,6,0,2,0,1,0,0,1
760000,1197,2462,1,4,0,1,0,1,0,0,1
600000,1197,76024,2,11,8,5,0,1,0,0,1
653000,1197,24902,2,30,1,6,1,0,0,0,1
322000,998,29532,2,10,3,11,0,1,0,0,1
444000,1197,113744,1,12,8,7,1,0,0,0,1
668000,1197,61641,1,6,5,6,0,1,0,0,1
626000,1373,77367,2,21,2,7,0,1,0,0,1
512000,1197,67466,1,2,2,8,0,1,0,0,1
574000,1197,62367,1,15,3,6,0,1,0,0,1
452000,1197,86609,1,13,7,8,0,1,0,0,1
386000,796,2632,1,6,1,3,0,1,0,0,1
360000,796,5093,1,2,0,4,0,1,0,0,1
384000,1197,51920,1,18,8,7,0,1,0,0,1
641000,998,31366,1,7,1,2,0,1,1,0,0
547000,1197,80251,1,24,6,8,0,1,0,0,1
634000,1373,80422,1,13,0,7,0,1,0,0,1
453000,998,54226,1,20,1,5,1,0,0,0,1
592000,998,48061,1,9,4,3,1,0,0,0,1
592000,1197,28300,1,14,1,4,1,0,0,0,1
807000,1462,38299,1,13,4,4,0,1,0,0,1
817000,1373,40101,1,10,3,6,1,0,0,0,1
355000,796,24744,1,28,12,4,0,1,0,0,1
579000,1197,77467,1,11,3,5,0,1,0,0,1
329000,796,43424,1,11,2,5,0,1,0,0,1
346000,998,85701,1,21,9,6,1,0,0,0,1
330000,998,70820,2,16,9,10,0,1,0,0,1
319000,796,41155,1,17,5,5,0,1,0,0,1
473000,1197,32533,1,8,2,10,0,1,0,0,1
470000,998,49904,1,3,6,5,0,1,0,0,1
436000,998,22526,1,0,0,7,0,1,0,0,1
694000,1197,24368,2,1,2,6,1,0,0,0,1
506000,1197,51952,2,3,1,7,1,0,0,0,1
453000,998,69645,1,10,6,9,0,1,0,0,1
746000,1373,32897,1,11,6,7,0,1,0,0,1
638000,1197,57333,1,6,0,8,0,1,0,0,1
1069000,1462,59304,1,1,0,2,0,1,0,0,1
486000,1197,73239,1,15,4,10,0,1,0,0,1
663000,1373,43129,1,8,0,7,0,1,0,0,1
644000,1197,80229,1,8,1,7,1,0,0,0,1
470000,1197,92528,2,6,10,6,0,1,0,0,1
696000,1197,19575,1,4,0,1,0,1,0,0,1
253000,796,33134,1,22,1,12,0,1,0,0,1
546000,1197,34673,1,0,0,9,0,1,0,0,1
821000,1462,31444,1,1,0,4,0,1,0,0,1
444000,1248,96413,1,0,0,11,0,1,0,1,0
463000,1197,64557,1,0,0,12,0,1,0,0,1
612000,1197,22456,2,13,4,7,1,0,0,0,1
1108000,1462,20888,1,1,0,1,0,1,0,0,1
487000,1197,70716,1,0,0,10,0,1,0,0,1
361000,1197,64003,1,13,5,13,0,1,0,0,1
697000,1248,109407,1,35,5,7,0,1,0,1,0
694000,1197,54029,1,14,3,5,0,1,0,0,1
418000,998,51689,2,10,0,7,0,1,0,0,1
452000,998,38004,2,19,1,7,0,1,0,0,1
662000,1197,46751,1,3,3,7,0,1,0,0,1
1599000,1462,14358,1,3,0,2,0,1,0,0,1
512000,1197,39945,1,4,2,3,0,1,0,0,1
597000,1197,57341,1,3,0,6,1,0,0,0,1
963000,1462,43181,1,6,0,4,1,0,0,0,1
619000,1197,32730,2,14,1,5,0,1,0,0,1
1192000,1462,29126,1,2,0,2,1,0,0,0,1
1007000,1462,33525,1,0,0,3,1,0,0,0,1
480000,1373,83683,2,14,5,9,1,0,0,0,1
547000,1373,70337,1,22,9,10,0,1,0,0,1
279000,796,64243,1,25,3,10,0,1,0,0,1
567000,1197,57560,1,22,5,7,0,1,0,0,1
518000,1197,86301,2,3,0,8,0,1,0,0,1
657000,1197,2896,1,6,6,1,0,1,0,0,1
411000,1197,59700,3,0,0,11,0,1,0,0,1
508000,1197,66530,1,16,4,4,0,1,0,0,1
754000,1248,94438,1,20,9,8,0,1,0,1,0
709000,1248,91544,1,7,4,8,0,1,0,1,0
295000,998,97830,2,25,4,11,0,1,0,0,1
473000,1197,47285,1,8,1,7,0,1,0,0,1
560000,1197,53462,1,0,0,8,0,1,0,0,1
758000,1197,29003,1,1,0,3,1,0,0,0,1
336000,796,39868,1,2,1,5,0,1,0,0,1
624000,1197,8524,1,1,0,2,0,1,0,0,1
465000,1197,95525,2,3,5,7,1,0,0,0,1
619000,1197,81548,1,16,4,7,0,1,0,0,1
587000,1197,105779,1,25,3,7,1,0,0,0,1
362000,1248,72644,1,0,0,13,0,1,0,1,0
394000,998,39773,1,6,1,9,0,1,0,0,1
379000,1248,93871,3,0,0,11,0,1,0,1,0
502000,998,27215,2,19,2,5,1,0,0,0,1
722000,1248,82882,1,19,8,6,0,1,0,1,0
515000,998,8882,1,6,4,1,0,1,0,0,1
610000,1197,31951,1,4,6,3,1,0,0,0,1
564000,1197,15178,1,8,1,4,0,1,0,0,1
525000,1197,69995,1,10,1,8,0,1,0,0,1
620000,1197,29641,1,1,3,8,0,1,0,0,1
442000,998,9677,2,6,1,3,1,0,0,0,1
336000,998,49078,2,20,0,9,0,1,0,0,1
491000,1197,41074,1,29,5,10,0,1,0,0,1
1123000,1462,38819,1,6,1,3,1,0,0,0,1
692000,1197,59228,1,23,6,5,0,1,0,0,1
673000,1197,65568,2,10,2,5,1,0,0,0,1
793000,1462,52878,2,11,2,4,0,1,0,0,1
210000,998,69568,2,12,0,13,0,1,0,0,1
581000,1248,63916,2,8,1,9,0,1,0,1,0
629000,1197,67275,2,8,7,7,1,0,0,0,1
496000,998,23686,2,7,2,5,1,0,0,0,1
362000,998,14522,2,5,0,10,1,0,0,0,1
688000,1197,19437,1,8,1,6,0,1,0,0,1
437000,998,69515,1,8,2,6,0,1,0,0,1
618000,1197,79589,1,0,0,7,1,0,0,0,1
530000,1248,89284,1,31,3,10,0,1,0,1,0
716000,1248,78922,2,14,3,8,0,1,0,1,0
367000,1197,73631,2,0,0,10,0,1,0,0,1
465000,1197,56427,1,15,2,7,0,1,0,0,1
596000,1373,75940,1,15,2,8,0,1,0,0,1
376000,1197,104807,3,0,0,12,0,1,0,0,1
650000,998,45807,1,11,4,3,1,0,0,0,1
683000,1197,58029,1,2,0,5,0,1,0,0,1
721000,1197,38807,2,6,2,4,1,0,0,0,1
495000,1197,56168,1,18,0,10,0,1,0,0,1
629000,1373,66695,1,17,8,8,1,0,0,0,1
755000,1462,12567,1,6,1,5,0,1,0,0,1
515000,1197,77191,2,0,0,7,0,1,0,0,1
673000,1248,77413,2,9,6,7,1,0,0,1,0
348000,1197,61266,1,10,6,13,0,1,0,0,1
613000,1197,22396,2,14,7,7,0,1,0,0,1
381000,998,69324,1,19,4,8,1,0,0,0,1
563000,998,28788,1,9,0,2,0,1,0,0,1
388000,1197,97699,1,0,0,12,0,1,0,0,1
208000,998,103867,2,35,10,14,0,1,0,0,1
716000,1197,36932,1,17,1,5,0,1,0,0,1
565000,1373,96520,2,13,9,8,1,0,0,0,1
566000,998,22245,1,11,2,3,0,1,0,0,1
299000,998,49599,1,5,0,10,0,1,0,0,1
245000,998,53178,3,31,2,13,0,1,0,0,1
643000,998,27743,1,0,0,2,1,0,0,0,1
479000,998,43407,1,19,4,6,1,0,0,0,1
261000,998,71079,1,13,0,12,0,1,0,0,1
779000,1462,60741,1,9,2,4,0,1,0,0,1
956000,1462,12867,1,2,0,4,1,0,0,0,1
694000,1197,28533,2,5,3,5,1,0,0,0,1
450000,1197,71516,1,0,0,10,0,1,0,0,1
441000,1197,27532,1,0,0,11,0,1,0,0,1
620000,1373,68199,2,8,5,8,0,1,0,0,1
320000,998,110669,1,34,3,9,0,1,0,0,1
527000,998,30598,1,14,4,5,1,0,0,0,1
700000,1373,46440,1,3,1,9,0,1,0,0,1
718000,1197,64747,1,15,1,6,0,1,0,0,1
563000,1197,43456,2,5,2,6,1,0,0,0,1
352000,1197,104553,1,25,13,13,0,1,0,0,1
702000,1197,26277,2,6,1,6,1,0,0,0,1
267000,998,63792,1,0,0,10,0,1,0,0,1
424000,998,36404,2,7,9,7,1,0,0,0,1
538000,1373,97889,2,41,11,9,0,1,0,0,1
440000,998,29309,2,5,2,8,0,1,0,0,1
411000,1248,110904,2,32,11,12,0,1,0,1,0
471000,1197,74945,3,19,0,9,0,1,0,0,1
415000,1248,97837,3,0,0,11,0,1,0,1,0
745000,998,8230,1,0,0,1,1,0,0,0,1
502000,998,67526,1,11,0,5,1,0,0,0,1
390000,998,48043,1,10,2,8,1,0,0,0,1
492000,1197,40348,2,14,0,9,0,1,0,0,1
997000,1462,14772,1,0,0,2,0,1,0,0,1
840000,1462,70110,1,0,0,4,1,0,0,0,1
363000,998,35720,1,7,1,10,0,1,0,0,1
898000,1462,29041,2,2,1,5,1,0,0,0,1
686000,1197,38445,1,10,3,6,0,1,0,0,1
267000,998,79659,1,6,13,13,0,1,0,0,1
699000,1197,23573,1,4,1,7,0,1,0,0,1
406000,998,77319,1,28,7,8,0,1,0,0,1
651000,998,8254,1,5,0,3,0,1,0,0,1
580000,998,6675,2,1,1,1,1,0,0,0,1
398000,998,10558,1,2,4,10,1,0,0,0,1
1364000,1462,11016,1,0,0,1,1,0,0,0,1
352000,998,77640,1,11,3,9,0,1,0,0,1
284000,998,24202,1,33,6,11,0,1,0,0,1
408000,998,38333,1,3,1,8,1,0,0,0,1
567000,998,3136,1,1,0,1,1,0,0,0,1
443000,998,21196,1,5,0,4,0,1,0,0,1
823000,1197,26477,2,3,0,3,1,0,0,0,1
697000,1197,21955,1,12,0,5,1,0,0,0,1
755000,1197,16023,1,9,0,2,1,0,0,0,1
275000,796,46661,1,16,3,11,0,1,0,0,1
849000,1197,24567,1,3,0,2,1,0,0,0,1
543000,1197,68890,1,10,7,7,1,0,0,0,1
512000,1197,36201,1,27,3,12,0,1,0,0,1
275000,998,34408,2,6,3,13,0,1,0,0,1
445000,998,80488,2,10,6,6,1,0,0,0,1
420000,998,113666,1,20,1,7,1,0,0,0,1
593000,998,7370,1,3,0,1,1,0,0,0,1
555000,1197,70649,1,0,0,8,0,1,0,0,1
750000,1462,42483,1,14,4,6,0,1,0,0,1
352000,998,19613,2,12,7,8,0,1,0,0,1
775000,1248,57858,1,10,2,9,0,1,0,1,0
646000,1197,48247,1,6,8,7,0,1,0,0,1
571000,998,11631,1,2,0,1,1,0,0,0,1
503000,998,66087,1,1,5,5,1,0,0,0,1
476000,998,51729,1,6,0,8,1,0,0,0,1
463000,998,18350,2,5,0,4,1,0,0,0,1
397000,998,38523,1,8,5,9,1,0,0,0,1
375000,998,27184,2,18,2,9,0,1,0,0,1
904000,1462,49968,1,6,2,5,1,0,0,0,1
401000,1248,96264,2,0,0,12,0,1,0,1,0
555000,1197,92616,2,14,2,8,0,1,0,0,1
456000,998,37599,1,0,0,7,0,1,0,0,1
367000,998,75385,2,1,0,10,1,0,0,0,1
486000,998,6410,1,2,0,2,0,1,0,0,1
456000,998,34267,2,10,1,3,0,1,0,0,1
254000,998,71979,1,8,4,12,0,1,0,0,1
560000,1248,86623,2,42,10,10,0,1,0,1,0
421000,1197,106215,2,0,0,11,0,1,0,0,1
674000,1373,34800,2,19,9,8,0,1,0,0,1
1005000,1248,69668,1,16,0,6,0,1,0,1,0
710000,1373,49559,2,4,1,6,0,1,0,0,1
660000,1197,36967,1,2,0,6,1,0,0,0,1
372000,998,71320,1,0,0,10,1,0,0,0,1
420000,796,28158,1,4,1,3,0,1,0,0,1
358000,998,40896,1,10,5,11,0,1,0,0,1
660000,998,20754,1,3,0,3,1,0,0,0,1
439000,998,62383,1,0,0,8,1,0,0,0,1
511000,998,13847,1,4,0,2,0,1,0,0,1
392000,998,13628,1,28,4,7,0,1,0,0,1
662000,1197,57040,1,10,4,7,0,1,0,0,1
917000,1462,41774,1,4,0,5,1,0,0,0,1
443000,998,84182,2,18,1,7,1,0,0,0,1
442000,998,62447,1,11,1,8,1,0,0,0,1
610000,1197,91417,2,11,4,8,1,0,0,0,1
411000,998,44848,1,18,1,5,0,1,0,0,1
765000,1373,50334,2,22,5,6,1,0,0,0,1
615000,1197,16416,2,7,0,5,1,0,0,0,1
534000,998,35370,1,13,1,6,1,0,0,0,1
414000,998,31672,1,6,3,9,0,1,0,0,1
397000,796,29878,2,4,0,3,0,1,0,0,1
815000,1197,19123,1,0,0,3,1,0,0,0,1
754000,1197,4714,1,1,0,1,1,0,0,0,1
577000,1197,37330,2,14,5,6,0,1,0,0,1
733000,1197,9075,1,2,0,1,0,1,0,0,1
772000,1197,34474,1,0,0,2,0,1,0,0,1
349000,1248,110407,2,11,7,13,0,1,0,1,0
842000,1197,31459,1,23,4,2,1,0,0,0,1
631000,1197,44996,1,7,2,6,1,0,0,0,1
504000,1373,94757,1,16,7,7,0,1,0,0,1
667000,1197,32596,2,7,8,3,1,0,0,0,1
981000,1462,50421,1,2,0,4,1,0,0,0,1
562000,1197,72633,1,6,4,8,0,1,0,0,1
322000,1197,86282,2,0,0,13,0,1,0,0,1
670000,1197,24160,1,7,0,5,0,1,0,0,1
428000,998,95626,2,5,0,6,1,0,0,0,1
410000,998,29628,1,12,6,9,1,0,0,0,1
564000,1248,106213,1,19,6,12,0,1,0,1,0
563000,1197,37343,1,11,8,7,0,1,0,0,1
445000,998,43855,1,13,0,8,1,0,0,0,1
404000,998,52643,1,13,1,9,1,0,0,0,1
405000,796,2598,1,6,5,4,0,1,0,0,1
216000,998,109991,2,29,10,13,0,1,0,0,1
617000,1373,51980,1,5,6,11,0,1,0,0,1
532000,1197,45037,2,22,18,6,0,1,0,0,1
1033000,1462,9884,1,2,1,2,0,1,0,0,1
593000,1373,92460,2,6,4,11,0,1,0,0,1
486000,998,18106,1,6,0,4,1,0,0,0,1
334000,998,72033,1,19,11,7,0,1,0,0,1
469000,998,56397,1,4,1,5,1,0,0,0,1
670000,998,36274,1,3,0,7,0,1,0,0,1
517000,998,10280,1,2,0,6,1,0,0,0,1
678000,1373,68828,1,9,0,8,0,1,0,0,1
466000,1197,75750,2,20,0,10,0,1,0,0,1
522000,1197,32287,1,4,2,10,0,1,0,0,1
668000,1197,20945,1,2,0,5,0,1,0,0,1
373000,998,32880,2,2,0,7,1,0,0,0,1
445000,1196,66374,1,8,0,6,0,1,0,0,1
553000,1197,26638,2,3,0,6,0,1,0,0,1
495000,1373,95738,2,10,9,9,0,1,0,0,1
662000,1197,13228,1,15,0,3,0,1,0,0,1
393000,998,39995,3,12,8,6,0,1,0,0,1
240000,796,37089,1,21,2,12,0,1,0,0,1
363000,998,46241,2,1,1,9,0,1,0,0,1
531000,1197,83635,3,5,11,8,1,0,0,0,1
507000,1197,74061,2,11,4,8,0,1,0,0,1
991000,1197,5154,1,2,0,1,1,0,0,0,1
655000,1462,91521,1,26,5,6,0,1,0,0,1
505000,1197,44499,2,8,4,8,0,1,0,0,1
701000,1197,17079,1,8,0,3,0,1,0,0,1
639000,1373,73371,1,8,2,7,1,0,0,0,1
1044000,1462,22250,1,6,0,3,1,0,0,0,1
450000,1197,89872,1,11,9,10,0,1,0,0,1
368000,998,35273,1,13,2,3,0,1,0,0,1
714000,1197,25462,1,7,1,5,0,1,0,0,1
665000,1197,54397,1,5,3,6,1,0,0,0,1
849000,1197,9369,1,7,0,2,1,0,0,0,1
654000,998,61005,1,16,6,6,0,1,0,0,1
607000,1197,29219,1,13,3,6,1,0,0,0,1
661000,1248,60384,2,15,3,8,0,1,0,1,0
571000,1373,92745,2,15,3,10,0,1,0,0,1
664000,1197,49591,1,0,0,7,0,1,0,0,1
634000,1197,27306,1,6,2,8,0,1,0,0,1
250000,998,99832,2,36,2,10,0,1,0,0,1
420000,998,28404,2,8,3,8,1,0,0,0,1
701000,1248,80245,2,6,0,6,0,1,0,1,0
369000,998,30851,1,15,6,8,1,0,0,0,1
400000,998,17897,1,9,0,7,1,0,0,0,1
335000,998,76286,1,16,4,11,0,1,0,0,1
402000,998,30478,1,10,2,8,0,1,0,0,1
493000,998,39085,1,22,4,6,0,1,0,0,1
388000,998,15385,1,7,1,8,1,0,0,0,1
574000,1197,30728,1,8,2,9,0,1,0,0,1
832000,1248,39774,1,7,1,8,0,1,0,1,0
500000,1197,16796,2,6,1,5,1,0,0,0,1
460000,998,16385,2,4,2,8,0,1,0,0,1
428000,1197,73809,1,4,1,6,0,1,0,0,1
551000,1197,47679,2,1,4,8,0,1,0,0,1
564000,1197,13515,2,2,0,5,1,0,0,0,1
211000,796,56977,2,5,7,10,0,1,0,0,1
722000,1462,29865,1,1,1,3,0,1,0,0,1
380000,998,89536,1,7,5,6,0,1,1,0,0
497000,796,18726,1,2,1,1,0,1,1,0,0
596000,1197,81469,1,0,0,4,0,1,0,0,1
616000,1197,70958,1,6,6,4,0,1,0,0,1
387000,796,18403,2,1,1,3,0,1,0,0,1
616000,1197,39992,1,3,1,4,0,1,0,0,1
671000,1462,43437,1,2,3,5,0,1,0,0,1
896000,1197,22213,1,5,0,1,0,1,0,0,1
451000,1197,34558,1,5,2,6,0,1,0,0,1
390000,796,24676,1,2,0,2,0,1,0,0,1
571000,998,16915,1,2,0,2,0,1,0,0,1
945000,1462,27376,2,0,0,2,0,1,0,0,1
642000,1373,53155,1,6,2,7,0,1,0,0,1
575000,1197,76378,1,1,7,7,0,1,0,0,1
517000,1197,14787,1,1,1,2,0,1,0,0,1
730000,1197,27957,1,11,2,3,0,1,0,0,1
556000,1248,96173,2,7,1,6,0,1,0,1,0
570000,1248,60592,2,4,0,7,0,1,0,1,0
708000,1197,14032,2,5,0,5,1,0,0,0,1
369000,1197,124105,1,0,0,10,0,1,1,0,0
678000,1197,45992,1,2,5,4,1,0,0,0,1
295000,998,106679,1,29,10,10,1,0,0,0,1
743000,1197,24487,1,8,5,3,1,0,0,0,1
873000,1462,45058,1,1,0,4,1,0,0,0,1
467000,796,21422,1,1,2,2,0,1,1,0,0
240000,796,110866,3,0,0,7,0,1,0,0,1
632000,1248,86345,2,0,0,8,0,1,0,1,0
295000,998,99572,1,25,3,10,0,1,0,0,1
1051000,1462,13425,1,0,0,2,0,1,0,0,1
489000,998,10106,1,3,0,1,0,1,0,0,1
318000,998,73723,2,26,15,8,0,1,0,0,1
516000,1197,86832,2,10,5,6,0,1,0,0,1
320000,998,46028,2,14,9,6,0,1,0,0,1
579000,1197,61231,2,3,5,4,0,1,0,0,1
542000,1248,121126,1,30,6,7,0,1,0,1,0
313000,796,64745,1,0,0,5,0,1,0,0,1
364000,796,32946,1,7,5,4,0,1,0,0,1
240000,998,83474,1,0,0,12,0,1,0,0,1
561000,1373,54635,1,3,9,8,0,1,0,0,1
385000,1197,51758,2,12,8,7,0,1,0,0,1
894000,1197,10731,1,0,0,1,0,1,0,0,1
709000,1248,88267,1,5,2,8,0,1,0,1,0
861000,1197,8368,2,8,2,2,1,0,0,0,1
665000,1248,40789,1,32,5,8,0,1,0,0,1
850000,1462,11395,1,13,4,3,0,1,0,0,1
423000,998,10776,1,4,2,2,0,1,0,0,1
300000,796,34461,1,0,0,7,0,1,0,0,1
363000,998,104045,1,0,0,7,0,1,0,0,1
759000,1197,12276,1,0,0,2,0,1,0,0,1
339000,796,29588,2,3,6,4,0,1,0,0,1
536000,998,44011,1,0,0,4,0,1,1,0,0
584000,1197,19224,1,4,0,5,0,1,0,0,1
471000,1197,71982,1,8,4,8,0,1,0,0,1
659000,1197,23479,1,1,4,3,0,1,0,0,1
556000,998,29795,1,1,3,4,0,1,1,0,0
613000,1248,70959,1,36,8,7,0,1,0,1,0
501000,1197,27734,1,7,2,5,1,0,0,0,1
532000,1197,47275,2,11,4,8,0,1,0,0,1
407000,998,66068,2,6,1,4,1,0,0,0,1
471000,1197,71220,2,1,0,7,0,1,0,0,1
699000,1197,24719,1,6,2,3,0,1,0,0,1
480000,1197,89264,1,0,0,7,0,1,0,0,1
320000,796,57555,2,2,2,5,0,1,0,0,1
850000,1462,28610,1,3,4,3,0,1,0,0,1
471000,998,15847,1,0,0,2,0,1,0,0,1
327000,998,115256,1,22,6,10,0,1,1,0,0
527000,1197,35507,2,0,0,4,0,1,0,0,1
481000,1197,59200,1,2,6,8,0,1,0,0,1
955000,1462,35515,1,21,9,2,1,0,0,0,1
514000,1197,99026,3,5,4,7,0,1,0,0,1
454000,998,17426,1,4,4,2,0,1,0,0,1
592000,1197,64827,1,3,9,6,1,0,0,0,1
418000,1197,94910,1,16,0,6,0,1,0,0,1
733000,1197,35783,1,2,1,2,0,1,0,0,1
482000,998,28393,1,1,0,2,0,1,0,0,1
699000,1197,36251,1,1,1,3,0,1,0,0,1
635000,1197,57587,1,6,3,4,0,1,0,0,1
593000,1197,54733,1,11,4,4,0,1,0,0,1
565000,1197,73866,1,9,10,7,0,1,0,0,1
417000,998,63516,1,3,3,3,0,1,0,0,1
567000,1197,76121,1,6,3,7,0,1,0,0,1
518000,1197,104977,1,29,3,6,1,0,0,0,1
326000,998,53063,2,11,5,10,0,1,0,0,1
740000,1462,86706,1,3,3,5,1,0,0,0,1
635000,1197,38303,1,4,1,3,0,1,0,0,1
633000,1197,38969,1,4,1,3,0,1,0,0,1
645000,1197,71127,1,15,1,4,0,1,0,0,1
724000,1197,23309,1,1,0,3,0,1,0,0,1
381000,1196,48661,1,7,1,9,0,1,1,0,0
294000,998,45538,2,2,0,10,0,1,0,0,1
489000,1197,46407,1,11,2,7,0,1,0,0,1
496000,1197,69471,1,5,3,7,0,1,0,0,1
839000,1462,40753,1,3,1,4,0,1,0,0,1
793000,1462,23702,1,15,5,4,0,1,0,0,1
242000,998,49148,1,1,0,10,0,1,0,0,1
457000,998,9048,1,4,1,1,0,1,0,0,1
280000,796,35703,2,3,6,7,0,1,0,0,1
461000,1197,30087,1,2,5,7,1,0,0,0,1
489000,1197,29235,1,9,2,8,0,1,0,0,1
402000,998,26931,1,2,3,4,0,1,0,0,1
789000,1197,24102,2,5,0,2,1,0,0,0,1
945000,1462,8899,1,8,0,1,0,1,0,0,1
240000,796,68741,2,3,5,8,0,1,0,0,1
570000,1197,21576,1,2,7,7,1,0,0,0,1
904000,1462,37265,1,7,7,3,1,0,0,0,1
532000,1197,50480,1,7,5,6,0,1,0,0,1
548000,1197,72942,1,4,5,6,0,1,0,0,1
602000,1197,38880,1,2,3,3,0,1,0,0,1
471000,1197,37621,1,5,3,7,1,0,0,0,1
643000,1197,12797,1,1,0,3,0,1,0,0,1
763000,1197,31625,1,7,3,3,1,0,0,0,1
657000,1197,11595,1,5,0,3,0,1,0,0,1
422000,1196,93158,1,3,2,7,0,1,1,0,0
892000,1248,67348,1,4,0,6,0,1,0,1,0
633000,1197,25625,1,8,1,3,0,1,0,0,1
375000,1197,70348,1,18,7,11,0,1,0,0,1
226000,998,36066,2,4,6,10,0,1,0,0,1
443000,998,53840,1,0,0,5,0,1,0,0,1
513000,1197,60499,1,26,3,7,0,1,0,0,1
610000,1248,72753,1,9,1,7,0,1,0,1,0
389000,998,30552,1,7,2,6,0,1,0,0,1
475000,1197,97030,1,11,6,7,0,1,0,0,1
351000,998,73539,2,15,6,8,1,0,0,0,1
770000,1462,27894,1,17,3,6,0,1,0,0,1
421000,998,19767,1,9,1,7,1,0,0,0,1
648000,1373,64686,1,14,1,6,1,0,0,0,1
552000,1197,75059,1,5,6,7,0,1,0,0,1
638000,1197,58346,1,1,0,4,0,1,0,0,1
512000,1248,79630,1,8,7,8,0,1,0,1,0
621000,1197,44299,1,1,0,3,0,1,0,0,1
862000,1462,19901,1,1,0,3,0,1,0,0,1
507000,1373,50022,1,5,2,9,0,1,0,0,1
554000,1197,58679,1,24,4,5,0,1,0,0,1
557000,1373,73948,2,4,5,7,0,1,0,0,1
256000,998,55994,1,20,9,12,0,1,0,0,1
